username,timestamp,content,likes,url
@instagram,2026-09-26T18:17:04.000Z,"19 jam @muse
 understood the assignment 💎  
Terjemahkan 274 22 10 6",6,https://www.threads.net/@instagram/post/DdwqKN1Cb3R/media
@instagram,2026-09-26T16:11:56.000Z,"21 jam doing it all with 
@muse
 🙂‍↕️  
Terjemahkan 170 4 5",5,https://www.threads.net/@instagram/post/Ddwb1vbFntm
@instagram,2026-09-26T14:31:46.000Z,"23 jam “Can you create a collection of my saved interior design posts?” @muse
 is the personal agent that helps you get things done — connect your Instagram and see what else it can do.  
Terjemahkan 248 16 7 2",2,https://www.threads.net/@instagram/post/DdwQFHbiVfx
@instagram,2026-09-25T23:05:42.000Z,"1hari written in the stars 💫  
Terjemahkan 344 19 19 9",9,https://www.threads.net/@instagram/post/DdumZTBD3nS
@instagram,2026-09-25T19:15:16.000Z,"1hari That photo dump you’ve had in your drafts since June? Connect your Instagram and let 
@muse
 help you finish it. Just send it your pics and it can put together a carousel, suggest a caption and post once you give it the go-ahead.  
Terjemahkan 220 14 8 2",2,https://www.threads.net/@instagram/post/DduMBkoEsjQ
@instagram,2026-09-25T18:31:24.000Z,"MetaGlassesbyLISA 1hari behind the scenes with LISA and Love 🫶  
Terjemahkan 191 7 7",7,https://www.threads.net/@instagram/post/DduG5rFHFX_
@instagram,2026-09-25T15:49:31.000Z,"1hari the way a Libra can see both sides of every argument is honestly a talent  
Terjemahkan 256 29 27 3",3,https://www.threads.net/@instagram/post/Ddt0eqPFobM
@instagram,2026-09-24T22:54:03.000Z,"2 hari one day post-Meta Connect, three POVs deep 🥎🏐🐴 filmed on 
@oakleymeta
 by jaredlovessports, volleyballbumofficial and 
@melnasab
  
Terjemahkan 213 9 5 9",9,https://www.threads.net/@instagram/post/DdsARJID8C-
@instagram,2026-09-24T19:43:08.000Z,"2 hari @ageorama
’s 90s runway inspo hits different with Restyle Meta AI Film Effects like Night flash, Tintype and Instant 📷 swipe to see more presets and try them now in Stories.  
Terjemahkan 205 10 12 2",2,https://www.threads.net/@instagram/post/Ddrqa5HEj-j
@instagram,2026-09-24T17:13:51.000Z,"2 hari spend a day in NYC with 
@valentinoxdior
 and 
@muse
, the personal agent that helps you get things done. Valentino let Muse plan every stop from his Instagram saves. swipe through ➡️ available in the US only.  
Terjemahkan 191 8 13 3",3,https://www.threads.net/@instagram/post/DdrZVfEmsZD
@instagram,2026-09-24T00:25:21.000Z,"3 hari @metaglasses
 by LISA 🐾 Two signature styles + one of 14 surprise charms inspired by her pets in every box.  
Terjemahkan 1,2 rb 43 90 19",19,https://www.threads.net/@instagram/post/Ddpl7BtibEU
@instagram,2026-09-23T16:34:30.000Z,"3 hari soft launching just got easier 😌 use the Pixel effect in Stories and edit the prompt to call out what you want pixelated. swipe to see the exact wording we used, then try it yourself ➡️ made with 
meta.ai
  
Terjemahkan 531 57 38 13",13,https://www.threads.net/@instagram/post/DdowCVvG60h
@instagram,2026-09-22T13:31:25.000Z,"5 hari the DM that says ""saw this and thought of you"" >  
Terjemahkan 2,3 rb 251 94 99",99,https://www.threads.net/@instagram/post/Ddl2ShHlmZ3
@instagram,2026-09-21T16:49:10.000Z,"5 hari @kaicenat
 or 
@kaiyacenat
? Go-to bodega orders? GTA 6 plans? This Close Friends Only: Speed Round has everything 👏 Swipe for pages from Kai's VIVET journal and more 📓➡️  
Terjemahkan 544 51 35 4",4,https://www.threads.net/@instagram/post/DdjoIE8Fgpj
@instagram,2026-09-18T19:14:01.000Z,"19/09/2026 ok but that smile 🥹 🎥: wurzeltheween 1,4 rb 89 52 34",34,https://www.threads.net/@instagram/post/DdcKSv8EoQ8
@instagram,2026-09-18T17:45:27.000Z,"19/09/2026 @kaicenat
 and 
@kaiyacenat
 on posting, discovering new accounts on Instagram and everything in between 🫶 New Close Friends Only episode out now on Instagram.  
Terjemahkan
 
1
/
2 1,7 rb 138 58 24",24,https://www.threads.net/@instagram/post/Ddb_mM0iZRb
@instagram,2026-09-18T17:42:13.000Z,"19/09/2026 instagram.com/p/Ddb… 
2
/
2 instagram 153 8 1 1",1,https://www.threads.net/@instagram/post/Ddb_0AbCX9d
@instagram,2026-09-01T16:12:19.000Z,01/09/2026 fairycore 🧚 🎥: napalosa_ 1 rb 62 39 23,23,https://www.threads.net/@instagram/post/DcwD_BojBqW
@instagram,2026-09-01T13:23:43.000Z,"01/09/2026 aug 31st: ☀️🏖️🌻🍦😎👕 vs. sept 1: 🍂🍁🧡☕️🤎🧣 5,2 rb 347 233 99",99,https://www.threads.net/@instagram/post/DcvwtvwFq5D
@instagram,2026-08-31T13:09:50.000Z,"Love Island USA 31/08/2026 reunion night prep: snacks, phone charged, group chat ready  
Terjemahkan 1,1 rb 94 56 93",93,https://www.threads.net/@instagram/post/DctKVSMFm77
@instagram,2026-08-29T12:42:13.000Z,"TXT 29/08/2026 YEONJUN is keeping it smooth in the studio with his “Ice Cream” choreo 🍦🕺  
Terjemahkan 2,9 rb 78 373 51",51,https://www.threads.net/@instagram/post/Dcn9iuLDQHn
@instagram,2026-08-28T19:28:00.000Z,"29/08/2026 the food crossover we didn’t know we needed 🍬🍝 🎥: lorneats  
Terjemahkan 938 76 33 53",53,https://www.threads.net/@instagram/post/DcmHMiCEhyw
@instagram,2026-08-28T16:09:24.000Z,"28/08/2026 proof that “just one more time” is sometimes the move 🛹 🎥: slappyredz  
Terjemahkan 4,1 rb 78 80 36",36,https://www.threads.net/@instagram/post/DclwboyD48m
@instagram,2026-08-28T13:23:49.000Z,"28/08/2026 shoutout to the virgos for being the reason the group chat has any structure  
Terjemahkan 1,6 rb 136 117 41",41,https://www.threads.net/@instagram/post/Dcldi9jFvcS
@instagram,2026-08-27T19:36:25.000Z,"28/08/2026 the ultimate back-to-school sidekick just dropped: this handmade pencil pouch  🐋🪡
🎥: janiesdaisies  
Terjemahkan 1,2 rb 54 34 34",34,https://www.threads.net/@instagram/post/DcjjZH5kj0b
@instagram,2026-08-27T17:55:36.000Z,"Tennis Threads 28/08/2026 @benshelton
’s algo is serving up way more than just tennis. hear more from the US Open star in a new Algo Confessions 🎾  
Terjemahkan 692 32 17 16",16,https://www.threads.net/@instagram/post/DcjXpnRCYOo
@instagram,2026-08-12T16:31:55.000Z,"12/08/2026 Salma Hayek and her daughter Valentina playing Keep or Toss is the chaos we didn’t know we needed 😭  
Terjemahkan
 
1
/
2 565 45 19 12",12,https://www.threads.net/@instagram/post/Db8mSiMHbAx
@instagram,2026-08-12T16:31:45.000Z,"12/08/2026 See more in a new episode of Carversations: youtu.be/ac_qI…  
Terjemahkan
 
2
/
2 youtube.com Salma Hayek and Valentina Pinault Go Vintage Shopping in Barcelona | Carversations on Instagram 239 10 4 5",5,https://www.threads.net/@instagram/post/Db8mVeOGzlf
@instagram,2026-08-12T13:34:50.000Z,"12/08/2026 knowing all the words to a song you haven't heard in years is a superpower  
Terjemahkan 2,7 rb 144 147 53",53,https://www.threads.net/@instagram/post/Db8SFsuFpiF
@instagram,2026-08-11T19:11:46.000Z,"12/08/2026 nature cooked with this 🌊 🎥: Mark Flow 22  
Terjemahkan 1,4 rb 65 45 39",39,https://www.threads.net/@instagram/post/Db6T1cwD5EC
