username,timestamp,time_ago,content,likes,url
@instagram,2026-09-26 18:17:04,19 jam,@muse understood the assignment 💎,6,https://www.threads.net/@instagram/post/DdwqKN1Cb3R/media
@instagram,2026-09-26 16:11:56,21 jam,doing it all with @muse 🙂↕️,5,https://www.threads.net/@instagram/post/Ddwb1vbFntm
@instagram,2026-09-26 14:31:46,23 jam,“Can you create a collection of my saved interior design posts?” @muse is the personal agent that helps you get things done — connect your Instagram and see what else it can do.,2,https://www.threads.net/@instagram/post/DdwQFHbiVfx
@instagram,2026-09-25 23:05:42,1 hari,written in the stars 💫,9,https://www.threads.net/@instagram/post/DdumZTBD3nS
@instagram,2026-09-25 19:15:16,1 hari,"That photo dump you’ve had in your drafts since June? Connect your Instagram and let @muse help you finish it. Just send it your pics and it can put together a carousel, suggest a caption and post once you give it the go-ahead.",2,https://www.threads.net/@instagram/post/DduMBkoEsjQ
@instagram,2026-09-25 18:31:24,1 hari,MetaGlassesbyLISA behind the scenes with LISA and Love 🫶,7,https://www.threads.net/@instagram/post/DduG5rFHFX_
@instagram,2026-09-25 15:49:31,1 hari,the way a Libra can see both sides of every argument is honestly a talent,3,https://www.threads.net/@instagram/post/Ddt0eqPFobM
@instagram,2026-09-24 22:54:03,2 hari,"one day post-Meta Connect, three POVs deep 🥎🏐🐴 filmed on @oakleymeta by jaredlovessports, volleyballbumofficial and @melnasab",9,https://www.threads.net/@instagram/post/DdsARJID8C-
@instagram,2026-09-24 19:43:08,2 hari,"@ageorama ’s 90s runway inspo hits different with Restyle Meta AI Film Effects like Night flash, Tintype and Instant 📷 swipe to see more presets and try them now in Stories.",2,https://www.threads.net/@instagram/post/Ddrqa5HEj-j
@instagram,2026-09-24 17:13:51,2 hari,"spend a day in NYC with @valentinoxdior and @muse , the personal agent that helps you get things done. Valentino let Muse plan every stop from his Instagram saves. swipe through ➡️ available in the US only.",3,https://www.threads.net/@instagram/post/DdrZVfEmsZD
@instagram,2026-09-24 00:25:21,3 hari,@metaglasses by LISA 🐾 Two signature styles + one of 14 surprise charms inspired by her pets in every box.,19,https://www.threads.net/@instagram/post/Ddpl7BtibEU
@instagram,2026-09-23 16:34:30,3 hari,"soft launching just got easier 😌 use the Pixel effect in Stories and edit the prompt to call out what you want pixelated. swipe to see the exact wording we used, then try it yourself ➡️ made with meta.ai",13,https://www.threads.net/@instagram/post/DdowCVvG60h
@instagram,2026-09-22 13:31:25,5 hari,"the DM that says ""saw this and thought of you"" >",99,https://www.threads.net/@instagram/post/Ddl2ShHlmZ3
@instagram,2026-09-21 16:49:10,5 hari,@kaicenat or @kaiyacenat ? Go-to bodega orders? GTA 6 plans? This Close Friends Only: Speed Round has everything 👏 Swipe for pages from Kai's VIVET journal and more 📓➡️,4,https://www.threads.net/@instagram/post/DdjoIE8Fgpj
@instagram,2026-09-18 19:14:01,,19/09/2026 ok but that smile 🥹 🎥: wurzeltheween,34,https://www.threads.net/@instagram/post/DdcKSv8EoQ8
@instagram,2026-09-18 17:45:27,,"19/09/2026 @kaicenat and @kaiyacenat on posting, discovering new accounts on Instagram and everything in between 🫶 New Close Friends Only episode out now on Instagram. 1 / 2",24,https://www.threads.net/@instagram/post/Ddb_mM0iZRb
@instagram,2026-09-18 17:42:13,,19/09/2026 instagram.com/p/Ddb… 2 / 2 instagram,1,https://www.threads.net/@instagram/post/Ddb_0AbCX9d
@instagram,2026-09-01 16:12:19,,01/09/2026 fairycore 🧚 🎥: napalosa_,23,https://www.threads.net/@instagram/post/DcwD_BojBqW
@instagram,2026-09-01 13:23:43,,01/09/2026 aug 31st: ☀️🏖️🌻🍦😎👕 vs. sept 1: 🍂🍁🧡☕️🤎🧣,99,https://www.threads.net/@instagram/post/DcvwtvwFq5D
@instagram,2026-08-31 13:09:50,,"Love Island USA 31/08/2026 reunion night prep: snacks, phone charged, group chat ready",93,https://www.threads.net/@instagram/post/DctKVSMFm77
@instagram,2026-08-29 12:42:13,,TXT 29/08/2026 YEONJUN is keeping it smooth in the studio with his “Ice Cream” choreo 🍦🕺,51,https://www.threads.net/@instagram/post/Dcn9iuLDQHn
@instagram,2026-08-28 19:28:00,,29/08/2026 the food crossover we didn’t know we needed 🍬🍝 🎥: lorneats,53,https://www.threads.net/@instagram/post/DcmHMiCEhyw
@instagram,2026-08-28 16:09:24,,28/08/2026 proof that “just one more time” is sometimes the move 🛹 🎥: slappyredz,36,https://www.threads.net/@instagram/post/DclwboyD48m
@instagram,2026-08-28 13:23:49,,28/08/2026 shoutout to the virgos for being the reason the group chat has any structure,41,https://www.threads.net/@instagram/post/Dcldi9jFvcS
@instagram,2026-08-27 19:36:25,,28/08/2026 the ultimate back-to-school sidekick just dropped: this handmade pencil pouch 🐋🪡 🎥: janiesdaisies,34,https://www.threads.net/@instagram/post/DcjjZH5kj0b
@instagram,2026-08-27 17:55:36,,Tennis Threads 28/08/2026 @benshelton ’s algo is serving up way more than just tennis. hear more from the US Open star in a new Algo Confessions 🎾,16,https://www.threads.net/@instagram/post/DcjXpnRCYOo
@instagram,2026-08-12 16:31:55,,12/08/2026 Salma Hayek and her daughter Valentina playing Keep or Toss is the chaos we didn’t know we needed 😭 1 / 2,12,https://www.threads.net/@instagram/post/Db8mSiMHbAx
@instagram,2026-08-12 16:31:45,,12/08/2026 See more in a new episode of Carversations: youtu.be/ac_qI… 2 / 2 youtube.com Salma Hayek and Valentina Pinault Go Vintage Shopping in Barcelona | Carversations on Instagram,5,https://www.threads.net/@instagram/post/Db8mVeOGzlf
@instagram,2026-08-12 13:34:50,,12/08/2026 knowing all the words to a song you haven't heard in years is a superpower,53,https://www.threads.net/@instagram/post/Db8SFsuFpiF
@instagram,2026-08-11 19:11:46,,12/08/2026 nature cooked with this 🌊 🎥: Mark Flow 22,39,https://www.threads.net/@instagram/post/Db6T1cwD5EC
